<keymap version="1" name="Corey's Keys" parent="Mac OS X 10.5+">
  <action id="ActivateTerminalToolWindow">
    <keyboard-shortcut first-keystroke="alt c" />
  </action>
  <action id="CompareTwoFiles" />
  <action id="Console.TableResult.CompareCells" />
  <action id="Console.TableResult.Reload" />
  <action id="CopyAbsolutePath" />
  <action id="CopyPaths" />
  <action id="DatabaseView.CopyDdlAction">
    <keyboard-shortcut first-keystroke="shift meta alt g" />
  </action>
  <action id="DatabaseView.PropertiesAction" />
  <action id="DatabaseView.Refresh" />
  <action id="Diff.ShowDiff" />
  <action id="Diff.ShowSettingsPopup" />
  <action id="EditorDeleteLine">
    <keyboard-shortcut first-keystroke="shift meta k" />
  </action>
  <action id="EditorDuplicate">
    <keyboard-shortcut first-keystroke="shift meta down" />
  </action>
  <action id="EditorLeft">
    <keyboard-shortcut first-keystroke="left" />
  </action>
  <action id="FileChooser.GotoDesktop" />
  <action id="FileChooser.TogglePathShowing" />
  <action id="FileStructurePopup">
    <keyboard-shortcut first-keystroke="alt s" />
  </action>
  <action id="FindNext" />
  <action id="Git.Branches">
    <keyboard-shortcut first-keystroke="alt b" />
  </action>
  <action id="GotoAction">
    <keyboard-shortcut first-keystroke="meta u" />
  </action>
  <action id="GotoFile">
    <keyboard-shortcut first-keystroke="meta p" />
  </action>
  <action id="GotoSuperMethod" />
  <action id="GotoSymbol">
    <keyboard-shortcut first-keystroke="meta i" />
  </action>
  <action id="GotoTest" />
  <action id="HideAllWindows">
    <keyboard-shortcut first-keystroke="alt w" />
  </action>
  <action id="IncrementWindowHeight" />
  <action id="MoveStatementDown" />
  <action id="MoveTabDown">
    <keyboard-shortcut first-keystroke="ctrl h" />
  </action>
  <action id="MoveTabRight">
    <keyboard-shortcut first-keystroke="ctrl v" />
  </action>
  <action id="ParameterInfo" />
  <action id="RecentFiles">
    <keyboard-shortcut first-keystroke="meta r" />
  </action>
  <action id="Refactorings.QuickListPopupAction">
    <keyboard-shortcut first-keystroke="ctrl r" />
  </action>
  <action id="Refresh" />
  <action id="RemoteHostView.CopyPaths" />
  <action id="Replace" />
  <action id="Rerun" />
  <action id="RerunFailedTests">
    <keyboard-shortcut first-keystroke="shift meta t" />
  </action>
  <action id="ResizeToolWindowDown" />
  <action id="Run" />
  <action id="RunClass">
    <keyboard-shortcut first-keystroke="meta t" />
  </action>
  <action id="SelectAllOccurrences">
    <keyboard-shortcut first-keystroke="shift meta d" />
  </action>
  <action id="SelectNextOccurrence">
    <keyboard-shortcut first-keystroke="meta d" />
  </action>
  <action id="SendEOF" />
  <action id="ServiceView.ShowServices" />
  <action id="SwitcherIterateItems">
    <keyboard-shortcut first-keystroke="meta r" />
  </action>
  <action id="SwitcherRecentEditedChangedToggleCheckBox">
    <keyboard-shortcut first-keystroke="meta r" />
  </action>
  <action id="TypeHierarchy" />
  <action id="TypeHierarchyBase.BaseOnThisType" />
  <action id="Uml.ShowDiff" />
  <action id="Unsplit">
    <keyboard-shortcut first-keystroke="ctrl u" />
  </action>
  <action id="UsageGrouping.FileStructure" />
  <action id="Vcs.Log.Refresh" />
  <action id="Vcs.Push" />
  <action id="Vcs.QuickListPopupAction">
    <keyboard-shortcut first-keystroke="alt v" />
  </action>
  <action id="Vcs.UpdateProject" />
  <action id="WelcomeScreen.CopyProjectPath" />
  <action id="de.netnexus.CamelCasePlugin.ToggleCamelCase">
    <keyboard-shortcut first-keystroke="shift meta c" />
  </action>
  <action id="openAssertEqualsDiff" />
  <action id="org.intellij.plugins.markdown.ui.actions.styling.ToggleCodeSpanAction" />
</keymap>