<application>
  <component name="FindSettings">
    <option name="customScope" value="All Places" />
    <option name="defaultScopeName" value="All Places" />
    <option name="wholeWordsOnly" value="true" />
    <option name="WHOLE_WORDS_ONLY" value="true" />
    <option name="SEARCH_SCOPE" value="All Places" />
    <mask>*.css</mask>
    <mask>*.html</mask>
    <mask>*.xml</mask>
    <mask>*.php4</mask>
    <mask>*.phtml</mask>
    <mask>*.php5</mask>
    <mask>*.ctp</mask>
    <mask>*.hphp</mask>
    <mask>*.module</mask>
    <mask>*.inc</mask>
    <mask>*.php</mask>
  </component>
</application>